-- Clearing all data from tables
DELETE FROM Followers;
DELETE FROM Likes;
DELETE FROM Comments;
DELETE FROM Posts;
DELETE FROM Users;

-- Resetting the auto-increment values
ALTER TABLE Users AUTO_INCREMENT = 1;
ALTER TABLE Posts AUTO_INCREMENT = 1;
ALTER TABLE Comments AUTO_INCREMENT = 1;
ALTER TABLE Likes AUTO_INCREMENT = 1;
ALTER TABLE Followers AUTO_INCREMENT = 1;   

-- Données fictives pour la table Users (avec photos de profil)
INSERT INTO Users (first_name, last_name, username, email, pictureProfile, password) VALUES
('Eva', 'Anderson', 'evaA', 'eva.anderson@email.com', 'Baguette-PP.jpeg', 1509442),
('Frank', 'Williams', 'frankW', 'frank.williams@email.com', 'Benoit2-PP.jpeg', 1509442),
('Grace', 'Davis', 'graceD', 'grace.davis@email.com', 'BoldGuy2-PP.jpeg', 1509442),
('Henry', 'Taylor', 'henryT', 'henry.taylor@email.com', 'Dimi-PP.jpeg', 1509442),
('Isabel', 'Rodriguez', 'isabelR', 'isabel.rodriguez@email.com', 'GlassesGuy-PP.jpeg', 1509442),
('Jake', 'Turner', 'jakeT', 'jake.turner@email.com', 'Lafouine-PP.jpeg', 1509442),
('Katie', 'Hill', 'katieH', 'katie.hill@email.com', 'Leo-PP.jpeg', 1509442),
('Liam', 'Garcia', 'liamG', 'liam.garcia@email.com', 'MedhiFemale-PP.jpeg', 1509442),
('Mia', 'Fisher', 'miaF', 'mia.fisher@email.com', 'Melvin-PP.jpeg', 1509442),
('Nathan', 'Lopez', 'nathanL', 'nathan.lopez@email.com', 'OldGrandpa-PP.jpeg', 1509442),
('Olivia', 'Baker', 'oliviaB', 'olivia.baker@email.com', 'Sierro2-PP.jpeg', 1509442),
('Peter', 'Wong', 'peterW', 'peter.wong@email.com', 'Steve-PP.jpeg', 1509442),
('Quinn', 'Nguyen', 'quinnN', 'quinn.nguyen@email.com', 'ThumbsUp-PP.jpeg', 1509442),
('Ryan', 'Chen', 'ryanC', 'ryan.chen@email.com', 'Gretz-PP.jpeg', 1509442),
('Sophia', 'Larson', 'sophiaL', 'sophia.larson@email.com', 'Sierro3-PP.jpeg', 1509442),
('Thomas', 'Cooper', 'thomasC', 'thomas.cooper@email.com', 'Jona-PP.jpeg', 1509442),
('Uma', 'Ramirez', 'umaR', 'uma.ramirez@email.com', 'Denizkun-pp.jpeg', 1509442),
('Victor', 'Wells', 'victorW', 'victor.wells@email.com', 'Sierro4-PP.jpeg', 1509442),
('Wendy', 'Lee', 'wendyL', 'wendy.lee@email.com', 'Benoit-PP.jpeg', 1509442),
('Xavier', 'Chang', 'xavierC', 'xavier.chang@email.com', 'BoldGuy-PP.jpeg', 1509442),
('Yara', 'Hernandez', 'yaraH', 'yara.hernandez@email.com', 'DimiAI-PP.jpeg', 1509442),
('Zane', 'Reyes', 'zaneR', 'zane.reyes@email.com', 'SierroBeer.jpeg', 1509442),
('Ava', 'Perez', 'avaP', 'ava.perez@email.com', 'MehdiMale-PP.jpeg', 1509442),
('Benjamin', 'Harrison', 'benjaminH', 'benjamin.harrison@email.com', 'Baguette-PP.jpeg', 1509442),
('Caleb', 'Mitchell', 'calebM', 'caleb.mitchell@email.com', 'Benoit2-PP.jpeg', 1509442),
('Daisy', 'Jordan', 'daisyJ', 'daisy.jordan@email.com', 'BoldGuy2-PP.jpeg', 1509442),
('Elijah', 'Carter', 'elijahC', 'elijah.carter@email.com', 'Dimi-PP.jpeg', 1509442),
('Fiona', 'Reynolds', 'fionaR', 'fiona.reynolds@email.com', 'GlassesGuy-PP.jpeg', 1509442),
('Gavin', 'Stewart', 'gavinS', 'gavin.stewart@email.com', 'Lafouine-PP.jpeg', 1509442),
('Hazel', 'Fletcher', 'hazelF', 'hazel.fletcher@email.com', 'Leo-PP.jpeg', 1509442),
('Ivan', 'Hamilton', 'ivanH', 'ivan.hamilton@email.com', 'MedhiFemale-PP.jpeg', 1509442),
('Jade', 'Morrison', 'jadeM', 'jade.morrison@email.com', 'Melvin-PP.jpeg', 1509442),
('Kai', 'Barnes', 'kaiB', 'kai.barnes@email.com', 'OldGrandpa-PP.jpeg', 1509442),
('Lila', 'Ferguson', 'lilaF', 'lila.ferguson@email.com', 'Sierro2-PP.jpeg', 1509442),
('Mason', 'Gomez', 'masonG', 'mason.gomez@email.com', 'Steve-PP.jpeg', 1509442),
('Nora', 'Watson', 'noraW', 'nora.watson@email.com', 'ThumbsUp-PP.jpeg', 1509442),
('Oscar', 'Harrison', 'oscarH', 'oscar.harrison@email.com', 'Gretz-PP.jpeg', 1509442),
('Penelope', 'Wright', 'penelopeW', 'penelope.wright@email.com', 'Sierro3-PP.jpeg', 1509442),
('Quincy', 'Powell', 'quincyP', 'quincy.powell@email.com', 'Jona-PP.jpeg', 1509442),
('Riley', 'Fisher', 'rileyF', 'riley.fisher@email.com', 'Denizkun-pp.jpeg', 1509442),
('Sofia', 'Martinez', 'sofiaM', 'sofia.martinez@email.com', 'Sierro4-PP.jpeg', 1509442),
('Theo', 'Simmons', 'theoS', 'theo.simmons@email.com', 'Benoit-PP.jpeg', 1509442),
('Ulysses', 'Owens', 'ulyssesO', 'ulysses.owens@email.com', 'BoldGuy-PP.jpeg', 1509442),
('Vivian', 'Webster', 'vivianW', 'vivian.webster@email.com', 'DimiAI-PP.jpeg', 1509442),
('Wesley', 'Dixon', 'wesleyD', 'wesley.dixon@email.com', 'SierroBeer.jpeg', 1509442),
('Xena', 'Yang', 'xenaY', 'xena.yang@email.com', 'MehdiMale-PP.jpeg', 1509442),
('Yannis', 'Tran', 'yannisT', 'yannis.tran@email.com', 'Baguette-PP.jpeg', 1509442),
('Zara', 'Hawkins', 'zaraH', 'zara.hawkins@email.com', 'Benoit2-PP.jpeg', 1509442),
('Aaron', 'Fleming', 'aaronF', 'aaron.fleming@email.com', 'BoldGuy2-PP.jpeg', 1509442),
('Bella', 'Rossi', 'bellaR', 'bella.rossi@email.com', 'Dimi-PP.jpeg', 1509442),
('Cameron', 'Gibson', 'cameronG', 'cameron.gibson@email.com', 'GlassesGuy-PP.jpeg', 1509442),
('Delilah', 'Barrett', 'delilahB', 'delilah.barrett@email.com', 'Lafouine-PP.jpeg', 1509442),
('Ezra', 'McCarthy', 'ezraM', 'ezra.mccarthy@email.com', 'Leo-PP.jpeg', 1509442),
('Freya', 'Bishop', 'freyaB', 'freya.bishop@email.com', 'MedhiFemale-PP.jpeg', 1509442),
('Gideon', 'Owens', 'gideonO', 'gideon.owens@email.com', 'Melvin-PP.jpeg', 1509442),
('Harper', 'Dunn', 'harperD', 'harper.dunn@email.com', 'OldGrandpa-PP.jpeg', 1509442),
('Isaiah', 'Fisher', 'isaiahF', 'isaiah.fisher@email.com', 'Sierro2-PP.jpeg', 1509442),
('Jasmine', 'Holt', 'jasmineH', 'jasmine.holt@email.com', 'Steve-PP.jpeg', 1509442),
('Kai', 'Stephens', 'kaiS', 'kai.stephens@email.com', 'ThumbsUp-PP.jpeg', 1509442),
('Lila', 'Blackwell', 'lilaB', 'lila.ferguson@email.com', 'Gretz-PP.jpeg', 1509442),
('Miles', 'Hendricks', 'milesH', 'miles.hendricks@email.com', 'Sierro3-PP.jpeg', 1509442),
('Nina', 'Wang', 'ninaW', 'nina.wang@email.com', 'Jona-PP.jpeg', 1509442),
('Owen', 'Pierce', 'owenP', 'owen.pierce@email.com', 'Denizkun-pp.jpeg', 1509442),
('Piper', 'Hernandez', 'piperH', 'piper.hernandez@email.com', 'Sierro4-PP.jpeg', 1509442),
('Quincy', 'Stevens', 'quincyS', 'quincy.powell@email.com', 'Benoit-PP.jpeg', 1509442),
('Rachel', 'Porter', 'rachelP', 'rachel.porter@email.com', 'BoldGuy-PP.jpeg', 1509442),
('Samuel', 'Nguyen', 'samuelN', 'samuel.nguyen@email.com', 'DimiAI-PP.jpeg', 1509442),
('Tessa', 'Harrison', 'tessaH', 'tessa.harrison@email.com', 'SierroBeer.jpeg', 1509442),
('Uriah', 'Lopez', 'uriahL', 'uriah.lopez@email.com', 'MehdiMale-PP.jpeg', 1509442);
('Violet', 'Chang', 'violetC', 'violet.chang@email.com', 'Baguette-PP.jpeg', 1509442),
('Winston', 'Gomez', 'winstonG', 'winston.gomez@email.com', 'Benoit2-PP.jpeg', 1509442),
('Xavier', 'Martinez', 'xavierM', 'xavier.martinez@email.com', 'BoldGuy2-PP.jpeg', 1509442),
('Yasmine', 'Ramirez', 'yasmineR', 'yasmine.ramirez@email.com', 'Dimi-PP.jpeg', 1509442),
('Zachary', 'Fletcher', 'zacharyF', 'zachary.fletcher@email.com', 'GlassesGuy-PP.jpeg', 1509442),
('Aria', 'Reyes', 'ariaR', 'aria.reyes@email.com', 'Lafouine-PP.jpeg', 1509442),
('Bryce', 'Morrison', 'bryceM', 'bryce.morrison@email.com', 'Leo-PP.jpeg', 1509442),
('Caroline', 'Barnes', 'carolineB', 'caroline.barnes@email.com', 'MedhiFemale-PP.jpeg', 1509442),
('Dante', 'Wright', 'danteW', 'dante.wright@email.com', 'Melvin-PP.jpeg', 1509442),
('Eliza', 'Simmons', 'elizaS', 'eliza.simmons@email.com', 'OldGrandpa-PP.jpeg', 1509442),
('Felix', 'Webster', 'felixW', 'felix.webster@email.com', 'Sierro2-PP.jpeg', 1509442),
('Giselle', 'Mitchell', 'giselleM', 'giselle.mitchell@email.com', 'Steve-PP.jpeg', 1509442),
('Hayden', 'Johnson', 'haydenJ', 'hayden.johnson@email.com', 'ThumbsUp-PP.jpeg', 1509442),
('Ivy', 'Hill', 'ivyH', 'ivy.hill@email.com', 'Gretz-PP.jpeg', 1509442),
('Jaxon', 'Wells', 'jaxonW', 'jaxon.wells@email.com', 'Sierro3-PP.jpeg', 1509442),
('Kylie', 'Owens', 'kylieO', 'kylie.owens@email.com', 'Jona-PP.jpeg', 1509442),
('Landon', 'Turner', 'landonT', 'landon.turner@email.com', 'Denizkun-pp.jpeg', 1509442),
('Mila', 'Hawkins', 'milaH', 'mila.hawkins@email.com', 'Sierro4-PP.jpeg', 1509442),
('Nolan', 'Ferguson', 'nolanF', 'nolan.ferguson@email.com', 'Benoit-PP.jpeg', 1509442),
('Oliver', 'Perez', 'oliverP', 'oliver.perez@email.com', 'BoldGuy-PP.jpeg', 1509442),
('Paisley', 'Cooper', 'paisleyC', 'paisley.cooper@email.com', 'DimiAI-PP.jpeg', 1509442),
('Quinn', 'Gibson', 'quinnG', 'quinn.gibson@email.com', 'SierroBeer.jpeg', 1509442),
('Ryder', 'Hendricks', 'ryderH', 'ryder.hendricks@email.com', 'MehdiMale-PP.jpeg', 1509442),
('Savannah', 'Wang', 'savannahW', 'savannah.wang@email.com', 'Baguette-PP.jpeg', 1509442),
('Tristan', 'Holt', 'tristanH', 'tristan.holt@email.com', 'Benoit2-PP.jpeg', 1509442),
('Uma', 'Blackwell', 'umaB', 'uma.blackwell@email.com', 'BoldGuy2-PP.jpeg', 1509442),
('Vivian', 'Dunn', 'vivianD', 'vivian.dunn@email.com', 'Dimi-PP.jpeg', 1509442),
('William', 'Rossi', 'williamR', 'william.rossi@email.com', 'GlassesGuy-PP.jpeg', 1509442),
('Xander', 'Garcia', 'xanderG', 'xander.garcia@email.com', 'Lafouine-PP.jpeg', 1509442),
('Yara', 'Hernandez', 'yaraH', 'yara.hernandez@email.com', 'Leo-PP.jpeg', 1509442),
('Zayn', 'Fleming', 'zaynF', 'zayn.fleming@email.com', 'MedhiFemale-PP.jpeg', 1509442),
('Abigail', 'Fisher', 'abigailF', 'abigail.fisher@email.com', 'Melvin-PP.jpeg', 1509442),
('Benjamin', 'Baker', 'benjaminB', 'benjamin.baker@email.com', 'OldGrandpa-PP.jpeg', 1509442),
('Charlotte', 'Harrison', 'charlotteH', 'charlotte.harrison@email.com', 'Sierro2-PP.jpeg', 1509442),
('Daniel', 'Chen', 'danielC', 'daniel.chen@email.com', 'Steve-PP.jpeg', 1509442),
('Emma', 'Owens', 'emmaO', 'emma.owens@email.com', 'ThumbsUp-PP.jpeg', 1509442),
('Finn', 'Larson', 'finnL', 'finn.larson@email.com', 'Gretz-PP.jpeg', 1509442),
('Grace', 'Hudson', 'graceH', 'grace.hudson@email.com', 'Sierro3-PP.jpeg', 1509442);



INSERT INTO Posts (user_id, text, date_published) VALUES
(215, 'Fun times ahead!', '2023-12-01 14:22:00'),
(216, 'Coding adventures!', '2023-12-02 11:10:00'),
(217, 'Sunny days and smiles.', '2023-12-03 16:45:00'),
(218, 'Coffee is life!', '2023-12-04 08:30:00'),
(219, 'Moonwalking in the park.', '2023-12-05 18:12:00'),
(220, 'Pizza for breakfast!', '2023-12-06 09:05:00'),
(221, 'Coding ninja strikes!', '2023-12-07 13:40:00'),
(222, 'Dance like no one watching.', '2023-12-08 22:15:00'),
(223, 'Exploring the unknown.', '2023-12-09 07:55:00'),
(224, 'Rainy day reflections.', '2023-12-10 14:30:00'),
(225, 'Inventing new colors.', '2023-12-11 10:20:00'),
(226, 'Chasing rainbows!', '2023-12-12 19:00:00'),
(227, 'Singing in the shower.', '2023-12-13 08:45:00'),
(228, 'Random acts of kindness.', '2023-12-14 16:28:00'),
(229, 'Jumping into the weekend!', '2023-12-15 12:15:00'),
(230, 'Solving world hunger...', '2023-12-16 21:00:00'),
(231, 'Yoga with penguins.', '2023-12-17 09:45:00'),
(232, 'Banana pancakes forever.', '2023-12-18 15:33:00'),
(233, 'Finding joy in chaos.', '2023-12-19 11:25:00'),
(234, 'Snowball fight victories.', '2023-12-20 17:10:00'),
(235, 'Secret agent pineapple.', '2023-12-21 08:55:00'),
(236, 'Magical unicorn dreams.', '2023-12-22 14:42:00'),
(237, 'Bouncing on trampolines.', '2023-12-23 10:35:00'),
(238, 'Launching paper airplanes.', '2023-12-24 18:20:00'),
(239, 'Chocolate chip happiness.', '2023-12-25 12:05:00'),
(240, 'Creating world peace.', '2023-12-26 20:00:00'),
(241, 'Climbing rainbows.', '2023-12-27 09:38:00'),
(242, 'Banjo-playing squirrels.', '2023-12-28 16:22:00'),
(243, 'Whistle while coding.', '2023-12-29 11:15:00'),
(244, 'Bubble wrap therapy.', '2023-12-30 19:10:00'),
(245, 'Excited for the weekend!', '2023-12-31 14:22:00'),
(246, 'New coding adventures!', '2024-01-01 11:10:00'),
(247, 'Enjoying sunny days.', '2024-01-02 16:45:00'),
(248, 'Coffee lovers unite!', '2024-01-03 08:30:00'),
(249, 'Moonwalked in the park.', '2024-01-04 18:12:00'),
(250, 'Breakfast pizza joy!', '2024-01-05 09:05:00'),
(251, 'Ninja coding vibes!', '2024-01-06 13:40:00'),
(252, 'Dancing without a care.', '2024-01-07 22:15:00'),
(253, 'Exploring the unknown.', '2024-01-08 07:55:00'),
(254, 'Reflections on rainy days.', '2024-01-09 14:30:00'),
(255, 'Inventing new experiences.', '2024-01-10 10:20:00'),
(256, 'Chasing virtual rainbows!', '2024-01-11 19:00:00'),
(257, 'Singing in the virtual shower.', '2024-01-12 08:45:00'),
(258, 'Random kindness online.', '2024-01-13 16:28:00'),
(259, 'Jumping into virtual weekends!', '2024-01-14 12:15:00'),
(260, 'Solving virtual world hunger...', '2024-01-15 21:00:00'),
(261, 'Virtual yoga adventures.', '2024-01-16 09:45:00'),
(262, 'Banana pancake love.', '2024-01-17 15:33:00'),
(263, 'Finding joy in virtual chaos.', '2024-01-18 11:25:00'),
(264, 'Snowball fights online victories.', '2024-01-19 17:10:00'),
(265, 'Secret agent pineapple vibes.', '2024-01-20 08:55:00'),
(266, 'Magical virtual unicorn dreams.', '2024-01-21 14:42:00'),
(267, 'Bouncing on virtual trampolines.', '2024-01-22 10:35:00'),
(268, 'Launching virtual paper airplanes.', '2024-01-23 18:20:00'),
(269, 'Chocolate chip happiness online.', '2024-01-24 12:05:00'),
(270, 'Creating virtual world peace.', '2024-01-25 20:00:00'),
(271, 'Climbing virtual rainbows.', '2024-01-26 09:38:00'),
(272, 'Banjo-playing virtual squirrels.', '2024-01-27 16:22:00'),
(273, 'Whistle while virtual coding.', '2024-01-28 11:15:00'),
(274, 'Bubble wrap therapy online.', '2024-01-29 19:10:00'),
(275, 'Contemplating life mysteries...', '2024-01-30 14:22:00'),
(276, 'Reflecting on the journey so far.', '2024-01-31 11:10:00'),
(277, 'Finding peace in the chaos.', '2024-02-01 16:45:00'),
(278, 'Grateful for simple moments.', '2024-02-02 08:30:00'),
(279, 'Embracing the dance of time.', '2024-02-03 18:12:00'),
(280, 'Discovering joy in small things.', '2024-02-04 09:05:00'),
(281, 'Thoughts on the art of patience.', '2024-02-05 13:40:00'),
(282, 'Navigating the river of thoughts.', '2024-02-06 22:15:00'),
(283, 'Silent conversations with the soul.', '2024-02-07 07:55:00'),
(284, 'Waves of reflection wash over.', '2024-02-08 14:30:00'),
(285, 'Sketching memories in the mind.', '2024-02-09 10:20:00'),
(286, 'Echoes of laughter in quietude.', '2024-02-10 19:00:00'),
(287, 'Harmony found in self-discovery.', '2024-02-11 08:45:00'),
(288, 'Whispers of wisdom in solitude.', '2024-02-12 16:28:00'),
(289, 'Grains of sand, thoughts unfold.', '2024-02-13 12:15:00'),
(290, 'Ripples of introspection spread.', '2024-02-14 21:00:00'),
(291, 'Mindscape painted with reflections.', '2024-02-15 09:45:00'),
(292, 'Dancing shadows, pondering light.', '2024-02-16 15:33:00'),
(293, 'Embracing the canvas of the mind.', '2024-02-17 11:25:00'),
(294, 'Reflective pause in life symphony.', '2024-02-18 17:10:00'),
(295, 'In the stillness, truths arise.', '2024-02-19 08:55:00'),
(296, 'Contours of introspective landscapes.', '2024-02-20 14:42:00'),
(297, 'Sailing through seas of thoughts.', '2024-02-21 10:35:00'),
(298, 'Reflections mirroring the soul.', '2024-02-22 18:20:00'),
(299, 'Wisdom echoes in silent reverie.', '2024-02-23 12:05:00'),
(300, 'Footprints of introspective travels.', '2024-02-24 20:00:00'),
(301, 'Pondering the tapestry of time.', '2024-02-25 09:38:00'),
(302, 'Reflections in the river of existence.', '2024-02-26 16:22:00'),
(303, 'In the quiet, finding resonance.', '2024-02-27 11:15:00'),
(304, 'Sculpting thoughts on the mind canvas.', '2024-02-28 19:10:00'),
(305, 'Gazing into the abyss of thoughts.', '2024-02-29 14:22:00'),
(306, 'Contours of the mind, etched in time.', '2024-03-01 11:10:00'),
(307, 'Whispers of the heart in quiet moments.', '2024-03-02 16:45:00'),
(308, 'Reflections like ripples in still waters.', '2024-03-03 08:30:00'),
(309, 'Echoes of yesterday, reflections of now.', '2024-03-04 18:12:00'),
(310, 'Serene skies within, storms without.', '2024-03-05 09:05:00'),
(311, 'In the garden of thoughts, blooms wisdom.', '2024-03-06 13:40:00'),
(312, 'Footprints of introspection in the sands of time.', '2024-03-07 22:15:00'),
(313, 'Quiet musings beneath the moonlit thoughts.', '2024-03-08 07:55:00'),
(314, 'Reflections dance in the mirror of the mind.', '2024-03-09 14:30:00'),
(315, 'Harmony found in the melody of self-discovery.', '2024-03-10 10:20:00'),
(316, 'Silent conversations with the soul, profound and infinite.', '2024-03-11 19:00:00'),
(317, 'In the theater of solitude, reflections take center stage.', '2024-03-12 08:45:00'),
(318, 'Pondering life canvas, strokes of meaning unfold.', '2024-03-13 16:28:00'),
(319, 'In the symphony of silence, hear the echoes of introspection.', '2024-03-14 12:15:00');

INSERT INTO Comments (post_id, user_id, text) VALUES
(211, 215, 'Great post, user 215!'),
(212, 216, 'Thanks for sharing, user 216.'),
(213, 217, 'Interesting perspective!'),
(214, 218, 'Awesome thoughts, user 217!'),
(215, 219, 'Love your creativity, user 218.'),
(216, 220, 'Reflecting on this, user 219.'),
(217, 221, 'Your posts brighten my day, user 220!'),
(218, 222, 'Dancing through life, user 221.'),
(219, 223, 'Rain or shine, your posts inspire, user 222.'),
(220, 224, 'Virtual cheers, user 223!'),
(221, 225, 'Banana pancakes virtually, user 224.'),
(222, 226, 'Chaos is where joy is found, user 225.'),
(223, 227, 'Victorious in the virtual snowball fight, user 226.'),
(224, 228, 'Agent pineapple reporting in, user 227.'),
(225, 229, 'Magical unicorn dreams for everyone, user 228.'),
(226, 230, 'Bouncing virtually on trampolines, user 229.'),
(227, 231, 'Launching virtual paper airplanes with joy, user 230.'),
(228, 232, 'Wishing you virtual chocolate chip happiness, user 231.'),
(229, 233, 'Contributing to virtual world peace, user 232.'),
(230, 234, 'Climbing virtual rainbows together, user 233.'),
(231, 235, 'Banjo-playing virtually, user 234.'),
(232, 236, 'Whistling while virtually coding, user 235.'),
(233, 237, 'Bubble wrap therapy goes virtual, user 236.'),
(234, 238, 'Excited for your virtual weekend, user 237!'),
(235, 239, 'Embarking on new virtual coding adventures, user 238.'),
(236, 240, 'Enjoying virtual sunny days, user 239.'),
(237, 241, 'Uniting virtually over coffee, user 240.'),
(238, 242, 'Virtual moonwalking in the park, user 241.'),
(239, 243, 'Breakfast pizza joy goes virtual, user 242.'),
(240, 244, 'Ninja coding vibes in the virtual realm, user 243.'),
(241, 245, 'Love it, user 244!'),
(242, 246, 'Amazing, user 245!'),
(243, 247, 'Inspiring, user 246.'),
(244, 248, 'Cheers, user 247!'),
(245, 249, 'Virtual high-five, user 248!'),
(246, 250, 'Joyful vibes, user 249.'),
(247, 251, 'Keep shining, user 250!'),
(248, 252, 'Virtually dancing, user 251.'),
(249, 253, 'Thought-provoking, user 252!'),
(250, 254, 'Cherishing this, user 253.'),
(251, 255, 'Incredible, user 254!'),
(252, 256, 'So good, user 255!'),
(253, 257, 'Virtually stunning, user 256!'),
(254, 258, 'Fantastic, user 257!'),
(255, 259, 'Happiness unleashed, user 258!'),
(256, 260, 'Kudos, user 259!'),
(257, 261, 'Virtual applause, user 260!'),
(258, 262, 'Impressive, user 261!'),
(259, 263, 'Virtually splendid, user 262!'),
(260, 264, 'Enchanting, user 263!'),
(261, 265, 'Virtuoso, user 264!'),
(262, 266, 'Brilliant, user 265!'),
(263, 267, 'Captivating, user 266!'),
(264, 268, 'Fantastic journey, user 267!'),
(265, 269, 'Virtual magic, user 268!'),
(266, 270, 'Epic, user 269!'),
(267, 271, 'Wonderful, user 270!'),
(268, 272, 'In awe, user 271!'),
(269, 273, 'Virtually beautiful, user 272!'),
(270, 274, 'Inspiration overflowing, user 273!'),
(271, 275, 'Virtual brilliance, user 274!'),
(272, 276, 'Joyful musings, user 275!'),
(273, 277, 'Fantastic reflections, user 276!'),
(274, 278, 'Virtual serenity, user 277!'),
(275, 279, 'Virtually amazing, user 278!'),
(276, 280, 'Kudos, user 279!'),
(277, 281, 'Heartfelt joy, user 280!'),
(278, 282, 'Inspirational, user 281!'),
(279, 283, 'Virtually fantastic, user 282!'),
(280, 284, 'Exquisite, user 283!'),
(281, 285, 'Beautifully shared, user 284!'),
(282, 286, 'Incredible vibes, user 285!'),
(283, 287, 'Virtual harmony, user 286!'),
(284, 288, 'Kudos, user 287!'),
(285, 289, 'Captivating moments, user 288!'),
(286, 290, 'Enchanting, user 289!'),
(287, 291, 'Joyful musings, user 290!'),
(288, 292, 'Virtual brilliance, user 291!'),
(289, 293, 'Fantastic reflections, user 292!'),
(290, 294, 'Virtual serenity, user 293!'),
(291, 295, 'Virtually amazing, user 294!'),
(292, 296, 'Kudos, user 295!'),
(293, 297, 'Heartfelt joy, user 296!'),
(294, 298, 'Inspirational, user 297!'),
(295, 299, 'Virtually fantastic, user 298!'),
(296, 300, 'Exquisite, user 299!'),
(297, 301, 'Beautifully shared, user 300!'),
(298, 302, 'Incredible vibes, user 301!'),
(299, 303, 'Virtual harmony, user 302!'),
(300, 304, 'Kudos, user 303!'),
(301, 305, 'Captivating moments, user 304!'),
(302, 306, 'Enchanting, user 305!'),
(303, 307, 'Joyful musings, user 306!'),
(304, 308, 'Virtual brilliance, user 307!'),
(305, 309, 'Fantastic reflections, user 308!'),
(306, 310, 'Virtual serenity, user 309!'),
(307, 311, 'Virtually amazing, user 310!'),
(308, 312, 'Kudos, user 311!'),
(309, 313, 'Heartfelt joy, user 312!'),
(310, 314, 'Inspirational, user 313!'),
(311, 315, 'Virtually fantastic, user 314!'),
(312, 316, 'Exquisite, user 315!'),
(313, 317, 'Beautifully shared, user 316!'),
(314, 318, 'Incredible vibes, user 317!'),
(315, 319, 'Virtual harmony, user 318!'),

INSERT INTO likes (post_id, user_id) VALUES
(211, 215),
(211, 216),
(212, 217),
(212, 218),
(213, 219),
(213, 220),
(214, 221),
(214, 222),
(215, 223),
(215, 224),
(216, 225),
(216, 226),
(217, 227),
(217, 228),
(218, 229),
(218, 230),
(219, 231),
(219, 232),
(220, 233),
(220, 234),
(221, 235),
(221, 236),
(222, 237),
(222, 238),
(223, 239),
(223, 240),
(224, 241),
(224, 242),
(225, 243),
(225, 244),
(226, 245),
(226, 246),
(227, 247),
(227, 248),
(228, 249),
(228, 250),
(229, 251),
(229, 252),
(230, 253),
(230, 254),
(231, 255),
(231, 256),
(232, 257),
(232, 258),
(233, 259),
(233, 260),
(234, 261),
(234, 262),
(235, 263),
(235, 264),
(236, 265),
(236, 266),
(237, 267),
(237, 268),
(238, 269),
(238, 270),
(239, 271),
(239, 272),
(240, 273),
(240, 274),
(241, 275),
(241, 276),
(242, 277),
(242, 278),
(243, 279),
(243, 280),
(244, 281),
(244, 282),
(245, 283),
(245, 284),
(246, 285),
(246, 286),
(247, 287),
(247, 288),
(248, 289),
(248, 290),
(249, 291),
(249, 292),
(250, 293),
(250, 294),
(251, 295),
(251, 296),
(252, 297),
(252, 298),
(253, 299),
(253, 300),
(254, 301),
(254, 302),
(255, 303),
(255, 304),
(256, 305),
(256, 306),
(257, 307),
(257, 308),
(258, 309),
(258, 310),
(259, 311),
(259, 312),
(260, 313),
(260, 314),
(261, 315),
(261, 316),
(262, 317),
(262, 318),
(263, 319),
(263, 215),
(263, 216),
(264, 217),
(264, 218),
(265, 219),
(265, 220),
(266, 221),
(266, 222),
(267, 223),
(267, 224),
(268, 225),
(268, 226),
(269, 227),
(269, 228),
(270, 229),
(270, 230),
(271, 231),
(271, 232),
(272, 233),
(272, 234),
(273, 235),
(273, 236),
(274, 237),
(274, 238),
(275, 239),
(275, 240),
(276, 241),
(276, 242),
(277, 243),
(277, 244),
(278, 245),
(278, 246),
(279, 247),
(279, 248),
(280, 249),
(280, 250),
(281, 251),
(281, 252),
(282, 253),
(282, 254),
(283, 255),
(283, 256),
(284, 257),
(284, 258),
(285, 259),
(285, 260),
(286, 261),
(286, 262),
(287, 263),
(287, 264),
(288, 265),
(288, 266),
(289, 267),
(289, 268),
(290, 269),
(290, 270),
(291, 271),
(291, 272),
(292, 273),
(292, 274),
(293, 275),
(293, 276),
(294, 277),
(294, 278),
(295, 279),
(295, 280),
(296, 281),
(296, 282),
(297, 283),
(297, 284),
(298, 285),
(298, 286),
(299, 287),
(299, 288),
(300, 289),
(300, 290),
(301, 291),
(301, 292),
(302, 293),
(302, 294),
(303, 295),
(303, 296),
(304, 297),
(304, 298),
(305, 299),
(305, 300),
(306, 301),
(306, 302),
(307, 303),
(307, 304),
(308, 305),
(308, 306),
(309, 307),
(309, 308),
(310, 309),
(310, 310),
(311, 311),
(311, 312),
(312, 313),
(312, 314),
(313, 315),
(313, 316),
(314, 317),
(314, 318),
(315, 319),

INSERT INTO Followers (user_id, followed_user_id) VALUES
(215, 220),
(216, 317),
(217, 319),
(218, 216),
(219, 320),
(220, 318),
(221, 315),
(222, 217),
(223, 315),
(224, 316),
(225, 317),
(226, 219),
(227, 318),
(228, 318),
(229, 318),
(230, 318),
(231, 320),
(232, 320),
(233, 219),
(234, 316),
(235, 316),
(236, 317),
(237, 318),
(238, 318),
(239, 319),
(240, 316),
(241, 319),
(242, 216),
(243, 317),
(244, 318),
(245, 219),
(246, 218),
(247, 218),
(248, 318),
(249, 217),
(250, 317),
(251, 317),
(252, 318),
(253, 316),
(254, 219),
(255, 318),
(256, 319),
(257, 218),
(258, 216),
(259, 219),
(260, 317),
(261, 216),
(262, 319),
(263, 216),
(264, 319),
(265, 219),
(266, 318),
(267, 316),
(268, 318),
(269, 219),
(270, 317),
(271, 317),
(272, 318),
(273, 316),
(274, 219),
(275, 316),
(276, 319),
(277, 220),
(278, 318),
(279, 318),
(280, 316),
(281, 318),
(282, 319),
(283, 317),
(284, 318),
(285, 319),
(286, 317),
(287, 218),
(288, 218),
(289, 319),
(290, 216),
(291, 319),
(292, 218),
(293, 220),
(294, 317),
(295, 317),
(296, 316),
(297, 318),
(298, 318),
(299, 317),
(300, 316),
(301, 217),
(302, 316),
(303, 219),
(304, 217),
(305, 218),
(306, 220),
(307, 218),
(308, 319),
(309, 316),
(310, 317),
(311, 316),
(312, 218),
(313, 220),
(314, 317),
(315, 316),
(215, 218),
(216, 317),
(217, 316),
(218, 219),
(219, 318),
(220, 316),
(221, 319),
(222, 316),
(223, 318),
(224, 319),
(225, 316),
(226, 318),
(227, 219),
(228, 317),
(229, 316),
(230, 318),
(231, 317),
(232, 316),
(233, 318),
(234, 319),
(235, 219),
(236, 316),
(237, 319),
(238, 316),
(239, 318),
(240, 317),
(241, 219),
(242, 316),
(243, 317),
(244, 318),
(245, 319),
(246, 219),
(247, 316),
(248, 319),
(249, 218),
(250, 316),
(251, 219),
(252, 318),
(253, 316),
(254, 317),
(255, 318),
(256, 317),
(257, 319),
(258, 318),
(259, 316),
(260, 219),
(261, 316),
(262, 318),
(263, 317),
(215, 317),
(216, 316),
(217, 319),
(218, 318),
(219, 316),
(220, 318),
(221, 319),
(222, 317),
(223, 318),
(224, 219),
(225, 316),
(226, 319),
(227, 316),
(228, 319),
(229, 318),
(230, 317),
(231, 318),
(232, 319),
(233, 316),
(234, 318),
(235, 217),
(236, 316),
(237, 319),
(238, 318),
(239, 316),
(240, 318),
(241, 316),
(242, 317),
(243, 318),
(244, 319),
(245, 316),
(246, 318),
(247, 216),
(248, 319),
(249, 318),
(250, 317),
(251, 316),
(252, 319),
(253, 218),
(254, 318),
(255, 316),
(256, 319),
(257, 316),
(258, 318),
(259, 319),
(260, 218),
(261, 317),
(262, 316),
(263, 319),
(263, 318),
(264, 316),
(265, 319),
(266, 318),
(267, 316),
(268, 318),
(269, 319),
(270, 317),
(271, 318),
(272, 219),
(273, 316),
(274, 319),
(275, 316),
(276, 319),
(277, 318),
(278, 317),
(279, 318),
(280, 319),
(281, 316),
(282, 318),
(283, 317),
(284, 316),
(285, 319),
(286, 318),
(287, 316),
(288, 318),
(289, 316),
(290, 317),
(291, 318),
(292, 319),
(293, 316),
(294, 318),
(295, 216),
(296, 319),
(297, 318),
(298, 317),
(299, 316),
(300, 319),
(301, 218),
(302, 318),
(303, 316),
(304, 319),
(305, 316),
(306, 318),
(307, 319),
(308, 218),
(309, 317),
(310, 316),
(311, 319);
